s_m,kappa_1pm
0.000000000000000000e+00,-6.123460400703203271e-02
7.724856915658258050e-01,-5.697386120895699124e-02
1.544971383131651610e+00,-5.319847637592126088e-02
2.317457074697477637e+00,-4.987731565166038383e-02
3.089942766263303220e+00,-4.697373011120062336e-02
3.862428457829128803e+00,-4.445007027228901897e-02
4.634914149394955274e+00,-4.227039684959581212e-02
5.407399840960780857e+00,-4.040196698305432987e-02
6.179885532526606440e+00,-3.881699195043861184e-02
6.952371224092432023e+00,-3.749428923817963583e-02
7.724856915658257606e+00,-3.640863889443163998e-02
8.497342607224084077e+00,-3.554336596641761992e-02
9.269828298789910548e+00,-3.488563959130924069e-02
1.004231399035573524e+01,-3.442628134466756834e-02
1.081479968192156171e+01,-3.415963177589010497e-02
1.158728537348738641e+01,-3.408349765693341471e-02
1.235977106505321288e+01,-3.419919670819681484e-02
1.313225675661903935e+01,-3.451289367727510687e-02
1.390474244818486405e+01,-3.503779168100588925e-02
1.467722813975069052e+01,-3.578216337178444922e-02
1.544971383131651521e+01,-3.676441333444389892e-02
1.622219952288234168e+01,-3.789606376978482682e-02
1.699468521444816815e+01,-3.739327991823204744e-02
1.776717090601399462e+01,-3.634626133174548995e-02
1.853965659757982110e+01,-3.510672862770389951e-02
1.931214228914564401e+01,-3.369022591453212784e-02
2.008462798071147049e+01,-3.211459753058728411e-02
2.085711367227729696e+01,-3.039894926730558888e-02
2.162959936384312343e+01,-2.856265801574601332e-02
2.240208505540894990e+01,-2.662449994455353894e-02
2.317457074697477282e+01,-2.460194156452978967e-02
2.394705643854059929e+01,-2.251061302197881683e-02
2.471954213010642576e+01,-2.036396214458965209e-02
2.549202782167225223e+01,-1.817307287147526540e-02
2.626451351323807870e+01,-1.594662298708871689e-02
2.703699920480390162e+01,-1.369095279099134636e-02
2.780948489636972809e+01,-1.261186696089649367e-02
2.858197058793555456e+01,-1.225370995831905757e-02
2.935445627950138103e+01,-1.188116073674932473e-02
3.012694197106720750e+01,-1.149534941558450971e-02
3.089942766263303042e+01,-1.109742620956438719e-02
3.167191335419885689e+01,-1.068855111624970010e-02
3.244439904576468336e+01,-1.026988428545989873e-02
3.321688473733050984e+01,-9.842577177285597584e-03
3.398937042889633631e+01,-9.407764586679677812e-03
3.476185612046216278e+01,-8.966557585208300221e-03
3.553434181202798925e+01,-8.520037405049375387e-03
3.630682750359381572e+01,-8.069250267317393949e-03
3.707931319515964219e+01,-7.615203136649656077e-03
3.785179888672546156e+01,-7.158841146661045277e-03
3.862428457829128803e+01,-6.701124278581356911e-03
3.939677026985711450e+01,-6.242930570363644169e-03
4.016925596142294097e+01,-5.785080904653008491e-03
4.094174165298876744e+01,-5.328347895875962595e-03
4.171422734455459391e+01,-4.873456146312966052e-03
4.248671303612042038e+01,-4.421082979808038313e-03
4.325919872768624685e+01,-3.971859578202971940e-03
4.403168441925207333e+01,-3.526372448428098313e-03
4.480417011081789980e+01,-3.085165152108269512e-03
4.557665580238371916e+01,-2.648740234272477841e-03
4.634914149394954563e+01,-2.217561293039273674e-03
4.712162718551537210e+01,-1.792055137770853183e-03
4.789411287708119858e+01,-1.372613988963249793e-03
4.866659856864702505e+01,-9.595976789172724116e-04
4.943908426021285152e+01,-5.533358178949911686e-04
5.021156995177867799e+01,-1.541298959170166280e-04
5.098405564334450446e+01,2.377447044704372183e-04
5.175654133491033093e+01,6.220368042792022304e-04
5.252902702647615740e+01,9.985176483345106248e-04
5.330151271804198387e+01,1.366979260888981362e-03
5.407399840960780324e+01,1.727232944015674645e-03
5.484648410117362971e+01,2.079107922796522966e-03
5.561896979273945618e+01,2.422450138268556798e-03
5.639145548430528265e+01,2.757121186372452157e-03
5.716394117587110912e+01,3.082997398748277967e-03
5.793642686743693559e+01,3.399969059125383056e-03
5.870891255900276207e+01,3.707939747240367179e-03
5.948139825056858854e+01,4.006825800674271125e-03
6.025388394213441501e+01,4.296555883714706960e-03
6.102636963370024148e+01,4.577070651310017127e-03
6.179885532526606085e+01,4.848322495382492367e-03
6.257134101683188732e+01,5.110128453353671683e-03
6.334382670839771379e+01,5.362442711451523812e-03
6.411631239996354736e+01,5.605390903020621846e-03
6.488879809152936673e+01,5.838971005047022787e-03
6.566128378309520031e+01,6.063192428223631268e-03
6.643376947466101967e+01,6.278075998791039607e-03
6.720625516622683904e+01,5.890815765873934351e-03
6.797874085779267261e+01,6.425378887342001561e-04
6.875122654935849198e+01,-4.532641457279064021e-03
6.952371224092432556e+01,-9.770096071007665708e-03
7.029619793249014492e+01,-1.519742522232636443e-02
7.106868362405597850e+01,-2.094672704885848849e-02
7.184116931562179786e+01,-2.715867749021050673e-02
7.261365500718763144e+01,-3.398783768744930572e-02
7.338614069875345081e+01,-4.161771538098295309e-02
7.415862639031928438e+01,-5.018257081759500138e-02
7.493111208188510375e+01,-5.981226304529523030e-02
7.570359777345092311e+01,-7.056716478769295420e-02
7.647608346501675669e+01,-7.310559061434379613e-02
7.724856915658257606e+01,-7.328809458898781493e-02
7.802105484814840963e+01,-7.273444256022082444e-02
7.879354053971422900e+01,-7.147164811080461422e-02
7.956602623128006258e+01,-6.955801731877245264e-02
8.033851192284588194e+01,-6.710030582849366154e-02
8.111099761441171552e+01,-6.422146556030058906e-02
8.188348330597753488e+01,-6.104325192085812563e-02
8.265596899754335425e+01,-5.768080773643275566e-02
8.342845468910918783e+01,-5.423534236617649079e-02
8.420094038067500719e+01,-5.079020086472275930e-02
8.497342607224084077e+01,-4.740980100862011992e-02
8.574591176380666013e+01,-4.414062433799523233e-02
8.651839745537249371e+01,-4.101455321189869524e-02
8.729088314693831308e+01,-3.804961045780094059e-02
8.806336883850414665e+01,-3.525158848508990611e-02
8.883585453006996602e+01,-3.262024536306957351e-02
8.960834022163579959e+01,-3.014995329351782133e-02
9.038082591320161896e+01,-2.783133203076404091e-02
9.115331160476743833e+01,-2.565247816979331075e-02
9.192579729633327190e+01,-2.359984046652170361e-02
9.269828298789909127e+01,-2.172041123229087253e-02
9.347076867946492484e+01,-2.085074150192712736e-02
9.424325437103074421e+01,-2.028400093188765033e-02
9.501574006259657779e+01,-1.970118599106993745e-02
9.578822575416239715e+01,-1.910493530400410311e-02
9.656071144572823073e+01,-1.849775081319487632e-02
9.733319713729405009e+01,-1.788197807135761402e-02
9.810568282885988367e+01,-1.725979177309197587e-02
9.887816852042570304e+01,-1.663318613301540197e-02
9.965065421199152240e+01,-1.600396962409178156e-02
1.004231399035573560e+02,-1.537376353360356100e-02
1.011956255951231753e+02,-1.474400377004219179e-02
1.019681112866890089e+02,-1.411594535652322367e-02
1.027405969782548283e+02,-1.349066906937481519e-02
1.035130826698206619e+02,-1.286908971874498216e-02
1.042855683613864812e+02,-1.225196561639228278e-02
1.050580540529523148e+02,-1.163990882992835783e-02
1.058305397445181342e+02,-1.103339587910823726e-02
1.066030254360839677e+02,-1.043277858552666380e-02
1.073755111276497871e+02,-9.838294840219729762e-03
1.081479968192156065e+02,-9.250079102774432654e-03
1.089204825107814401e+02,-8.668172489751083468e-03
1.096929682023472594e+02,-8.092532349098915945e-03
1.104654538939130930e+02,-7.523041250715790419e-03
1.112379395854789124e+02,-6.959515351541423894e-03
1.120104252770447459e+02,-6.401712116926535669e-03
1.127829109686105653e+02,-5.849337398948347040e-03
1.135553966601763989e+02,-5.302051887360203011e-03
1.143278823517422182e+02,-4.759476960507438674e-03
1.151003680433080518e+02,-4.221199972339978630e-03
1.158728537348738712e+02,-3.686779018103553216e-03
1.166453394264396906e+02,-3.155747225853240603e-03
1.174178251180055241e+02,-2.627616624016720394e-03
1.181903108095713435e+02,-2.101881637198871246e-03
1.189627965011371771e+02,-1.578033818767290248e-03
1.197352821927029964e+02,-1.055522102066826923e-03
1.205077678842688300e+02,-5.338020681074722405e-04
1.212802535758346494e+02,-1.232693237346953164e-05
1.220527392674004830e+02,5.094536574339928684e-04
1.228252249589663023e+02,1.032091220407891545e-03
1.235977106505321217e+02,1.556136034204433837e-03
1.243701963420979553e+02,2.082134664301626536e-03
1.251426820336637746e+02,2.610627374947679588e-03
1.259151677252296082e+02,3.142145365318456309e-03
1.266876534167954276e+02,3.677207773632879158e-03
1.274601391083612612e+02,4.216318391213828842e-03
1.282326247999270947e+02,4.759962027863694385e-03
1.290051104914928999e+02,5.308600469629482128e-03
1.297775961830587335e+02,5.862667970287801719e-03
1.305500818746245670e+02,6.422566218965960159e-03
1.313225675661904006e+02,6.988658728570725474e-03
1.320950532577562058e+02,7.561264593518245668e-03
1.328675389493220393e+02,8.140651571112857143e-03
1.336400246408878729e+02,8.727028449333042517e-03
1.344125103324536781e+02,9.320536675333928461e-03
1.351849960240195117e+02,9.921241234296163114e-03
1.359574817155853452e+02,1.052912078799549643e-02
1.367299674071511788e+02,1.114405710729199188e-02
1.375024530987169840e+02,1.176582386324357202e-02
1.382749387902828175e+02,1.239407487824574494e-02
1.390474244818486511e+02,1.302833198181098384e-02
1.398199101734144847e+02,1.314904414546771635e-02
1.405923958649802898e+02,1.241982657861380804e-02
1.413648815565461234e+02,1.167677995972891437e-02
1.421373672481119570e+02,1.092170090980137953e-02
1.429098529396777622e+02,1.015624951310766313e-02
1.436823386312435957e+02,9.381945367368619074e-03
1.444548243228094293e+02,8.600167004608184201e-03
1.452273100143752629e+02,7.812154293127929888e-03
1.459997957059410680e+02,7.019013424862907170e-03
1.467722813975069016e+02,6.221724102218949108e-03
1.475447670890727352e+02,5.421148560246348211e-03
1.483172527806385688e+02,4.618042089889033003e-03
1.490897384722043739e+02,3.813064762690603939e-03
1.498622241637702075e+02,3.006794093842995140e-03
1.506347098553360411e+02,2.199738416443597182e-03
1.514071955469018462e+02,1.392350773370029573e-03
1.521796812384676798e+02,5.850431628237381509e-04
1.529521669300335134e+02,-2.217990017538468595e-04
1.537246526215993470e+02,-1.027802337780146704e-03
1.544971383131651521e+02,-1.832590953347248411e-03
1.552696240047309857e+02,-2.635772022247709952e-03
1.560421096962968193e+02,-3.436921576015091861e-03
1.568145953878626244e+02,-4.235570621483612970e-03
1.575870810794284580e+02,-5.031191705134848043e-03
1.583595667709942916e+02,-5.823186063813791218e-03
1.591320524625601252e+02,-6.610871524517264626e-03
1.599045381541259303e+02,-7.393471342886978777e-03
1.606770238456917639e+02,-8.170104199477232557e-03
1.614495095372575975e+02,-8.939775603168251955e-03
1.622219952288234310e+02,-9.701370980247066636e-03
1.629944809203892362e+02,-1.045365075326178637e-02
1.637669666119550698e+02,-1.119523175801163083e-02
1.645394523035209033e+02,-1.192462041201282352e-02
1.653119379950867085e+02,-1.264021594316835570e-02
1.660844236866525421e+02,-1.334028561095173052e-02
1.668569093782183757e+02,-1.402298969281471491e-02
1.676293950697842092e+02,-1.468639522418615020e-02
1.684018807613500144e+02,-1.532849357421422164e-02
1.691743664529158480e+02,-1.594715344549805375e-02
1.699468521444816815e+02,-1.654027028760897064e-02
1.707193378360475151e+02,-1.710576339071052596e-02
1.714918235276133203e+02,-1.764155633636128873e-02
1.722643092191791538e+02,-1.814563679634360535e-02
1.730367949107449874e+02,-1.861609234021106146e-02
1.738092806023107926e+02,-1.905114687135061116e-02
1.745817662938766262e+02,-1.944919657168861157e-02
1.753542519854424597e+02,-1.980884413653824158e-02
1.761267376770082933e+02,-2.012893003652543866e-02
1.768992233685740985e+02,-2.040855956381077904e-02
1.776717090601399320e+02,-2.076761316564439130e-02
1.784441947517057656e+02,-2.195054270376414415e-02
1.792166804432715992e+02,-2.344241112058312662e-02
1.799891661348374043e+02,-2.513866881762756578e-02
1.807616518264032379e+02,-2.707785254195562222e-02
1.815341375179690715e+02,-2.929135417911460024e-02
1.823066232095348767e+02,-3.182478734453079994e-02
1.830791089011007102e+02,-3.473313187729269030e-02
1.838515945926665438e+02,-3.808233762771887077e-02
1.846240802842323774e+02,-4.195080252020660927e-02
1.853965659757981825e+02,-4.643022696311479430e-02
1.861690516673640161e+02,-5.162488524525721267e-02
1.869415373589298497e+02,-5.764760305726029238e-02
1.877140230504956833e+02,-6.460962454068944205e-02
1.884865087420614884e+02,-7.260018473096731262e-02
1.892589944336273220e+02,-8.165050610079341298e-02
1.900314801251931556e+02,-9.167755034917966783e-02
1.908039658167589607e+02,-1.024079566582297984e-01
1.915764515083247943e+02,-1.067696838520367231e-01
1.923489371998906279e+02,-1.050641844285907511e-01
1.931214228914564615e+02,-1.013166404482193916e-01
1.938939085830222666e+02,-9.589188948192903239e-02
1.946663942745881002e+02,-8.935460413590889939e-02
1.954388799661539338e+02,-8.225720068921228700e-02
1.962113656577197673e+02,-7.503180039530318868e-02
1.969838513492855725e+02,-6.801803731422406685e-02
1.977563370408514061e+02,-6.141543673052880098e-02
1.985288227324172396e+02,-5.532988294200074514e-02
1.993013084239830448e+02,-4.980094001763287620e-02
2.000737941155488784e+02,-4.482383399991281964e-02
2.008462798071147120e+02,-4.036716856242628798e-02
2.016187654986805455e+02,-3.638573274371721678e-02
2.023912511902463507e+02,-3.282900669693442075e-02
2.031637368818121843e+02,-2.964636655572560134e-02
2.039362225733780178e+02,-2.678997257891366918e-02
2.047087082649438514e+02,-2.421614101719512385e-02
2.054811939565096566e+02,-2.188578470924418609e-02
2.062536796480754901e+02,-1.976431964149169204e-02
2.070261653396413237e+02,-1.782129179198952904e-02
2.077986510312071289e+02,-1.603131836953945732e-02
2.085711367227729625e+02,-1.437276944975568287e-02
2.093436224143387960e+02,-1.281908365446778747e-02
2.101161081059046296e+02,-1.135116435833076302e-02
2.108885937974704348e+02,-9.951484701863910765e-03
2.116610794890362683e+02,-8.603617756250497156e-03
2.124335651806021019e+02,-7.292419054695133476e-03
2.132060508721679355e+02,-6.000396730057438836e-03
2.139785365637337406e+02,-4.710845137161015148e-03
2.147510222552995742e+02,-3.406881315428377053e-03
2.155235079468654078e+02,-2.162951572696035323e-03
2.162959936384312130e+02,-1.832234527627245790e-03
2.170684793299970465e+02,-1.667300958523128956e-03
2.178409650215628801e+02,-1.491793163855929848e-03
2.186134507131287137e+02,-1.305843083576697320e-03
2.193859364046945188e+02,-1.109417327474401241e-03
2.201584220962603524e+02,-9.025473311552311296e-04
2.209309077878261860e+02,-6.853353931672552871e-04
2.217033934793920196e+02,-4.579603020312793672e-04
2.224758791709578247e+02,-2.206824055290437076e-04
2.232483648625236583e+02,2.615202903542960161e-05
2.240208505540894919e+02,2.821073150306009723e-04
2.247933362456552970e+02,5.466558548088349930e-04
2.255658219372211306e+02,8.191767957590891753e-04
2.263383076287869642e+02,1.098955961166991685e-03
2.271107933203527978e+02,1.385187165728852263e-03
2.278832790119186029e+02,1.676975003689396265e-03
2.286557647034844365e+02,1.973339171204885941e-03
2.294282503950502701e+02,2.273220354015164681e-03
2.302007360866161036e+02,2.575487677372771591e-03
2.309732217781819088e+02,2.878947678146677892e-03
2.317457074697477424e+02,3.182345509202160524e-03
2.325181931613135760e+02,3.484348963475971707e-03
2.332906788528793811e+02,3.783642173908868464e-03
2.340631645444452147e+02,4.078895986000662111e-03
2.348356502360110483e+02,4.368784165487349207e-03
2.356081359275768818e+02,4.651998549897011677e-03
2.363806216191426870e+02,4.927264325324348833e-03
2.371531073107085206e+02,5.193355122754759676e-03
2.379255930022743541e+02,5.449107621809237689e-03
2.386980786938401877e+02,5.693435352483236338e-03
2.394705643854059929e+02,5.925219565416581409e-03
2.402430500769718265e+02,6.143501396592495820e-03
2.410155357685376600e+02,6.347667982220444281e-03
2.417880214601034652e+02,6.537063848690400150e-03
2.425605071516692988e+02,6.711157891110724853e-03
2.433329928432351323e+02,6.869546787926815619e-03
2.441054785348009659e+02,7.011956282463538415e-03
2.448779642263667711e+02,7.138240348965610438e-03
2.456504499179326046e+02,7.248378315733309055e-03
2.464229356094984382e+02,7.342470069733434551e-03
2.471954213010642434e+02,7.420729513705876489e-03
2.479679069926300770e+02,7.483476486634075241e-03
2.487403926841959105e+02,7.531127390189065393e-03
2.495128783757617441e+02,6.993727015003886952e-03
2.502853640673275493e+02,5.204013963293870407e-03
2.510578497588933828e+02,3.487528774813802683e-03
2.518303354504592164e+02,1.833228327217619434e-03
2.526028211420250500e+02,2.271242875876659914e-04
2.533753068335908551e+02,-1.343659735540213241e-03
2.541477925251566887e+02,-2.891077953392987964e-03
2.549202782167225223e+02,-4.426330453779994505e-03
2.556927639082883275e+02,-5.960008713610418299e-03
2.564652495998541895e+02,-7.502254005272904376e-03
2.572377352914199946e+02,-9.063424808119979401e-03
2.580102209829857998e+02,-1.065269990946762779e-02
2.587827066745516618e+02,-1.227915612614216209e-02
2.595551923661174669e+02,-1.395158796671670462e-02
2.603276780576832721e+02,-1.567847247544944950e-02
2.611001637492491341e+02,-1.746788416554299547e-02
2.618726494408149392e+02,-1.932734897257235018e-02
2.626451351323808012e+02,-2.126362381669523807e-02
2.634176208239466064e+02,-2.328238643338398015e-02
2.641901065155124115e+02,-2.538781923717492103e-02
2.649625922070782735e+02,-2.758207206667748559e-02
2.657350778986440787e+02,-2.986459305437669243e-02
2.665075635902098838e+02,-3.223132628860387455e-02
2.672800492817757458e+02,-3.467379134673728713e-02
2.680525349733415510e+02,-3.717808499426494828e-02
2.688250206649073561e+02,-3.972388029465544201e-02
2.695975063564732181e+02,-4.228354194025193968e-02
2.703699920480390233e+02,-4.482152411777958617e-02
2.711424777396048853e+02,-4.729425896048650158e-02
2.719149634311706905e+02,-4.965076425629796203e-02
2.726874491227364956e+02,-5.183417899245232330e-02
2.734599348143023576e+02,-5.378435542461252467e-02
2.742324205058681628e+02,-5.544148647265203372e-02
2.750049061974339679e+02,-5.675053658436834264e-02
2.757773918889998299e+02,-5.766600951275745179e-02
2.765498775805656351e+02,-5.815639117603225994e-02
2.773223632721314402e+02,-5.820752500569722349e-02
2.780948489636973022e+02,-5.739901075439596961e-02
2.788673346552631074e+02,-5.677287262125940009e-02
2.796398203468289694e+02,-5.703884312033891818e-02
2.804123060383947745e+02,-5.814842739573179708e-02
2.811847917299605797e+02,-6.009507162351208215e-02
2.819572774215264417e+02,-6.290720277833507235e-02
2.827297631130922468e+02,-6.664307942925663808e-02
2.835022488046580520e+02,-7.139431127710545166e-02
2.842747344962239140e+02,-7.725181992330137914e-02
2.850472201877897191e+02,-8.429707073746832424e-02
2.858197058793555243e+02,-9.257970436629339717e-02
2.865921915709213863e+02,-1.020537006986203948e-01
2.873646772624871915e+02,-1.124960573320148011e-01
2.881371629540530535e+02,-1.226975671180828703e-01
2.889096486456188586e+02,-1.207911073146866882e-01
2.896821343371846638e+02,-1.163013046621533403e-01
2.904546200287505258e+02,-1.109365262571745669e-01
2.912271057203163309e+02,-1.052169172435369060e-01
2.919995914118821361e+02,-9.956650327086097318e-02
2.927720771034479981e+02,-9.429227609431245494e-02
2.935445627950138032e+02,-8.959485934549457631e-02
2.943170484865796084e+02,-8.559914916888512748e-02
2.950895341781454704e+02,-8.234561865943149095e-02
2.958620198697112755e+02,-7.985213421937609191e-02
2.966345055612771375e+02,-7.811879722155050387e-02
2.974069912528429427e+02,-7.713929195259501548e-02
2.981794769444087478e+02,-7.690796612462251491e-02
2.989519626359746098e+02,-7.742354584668870165e-02
2.997244483275404150e+02,-7.869007109540225586e-02
3.004969340191062201e+02,-8.071520208482250991e-02
3.012694197106720821e+02,-8.350558350597339641e-02
3.020419054022378873e+02,-8.341513439897771387e-02
3.028143910938036925e+02,-7.998486930289545882e-02
3.035868767853695545e+02,-7.575653895796596871e-02
3.043593624769353596e+02,-7.099262418539757646e-02
3.051318481685011648e+02,-6.594062839410892718e-02
3.059043338600670268e+02,-6.080996211864585915e-02
3.066768195516328319e+02,-5.576260382097444207e-02
3.074493052431986939e+02,-5.090799460326513037e-02
3.082217909347644991e+02,-4.631314290980529519e-02
3.089942766263303042e+02,-4.201209848511056055e-02
3.097667623178961662e+02,-3.801475038875055945e-02
3.105392480094619714e+02,-3.431673845926085098e-02
3.113117337010277765e+02,-3.090091460489451103e-02
3.120842193925936385e+02,-2.774131697615849629e-02
3.128567050841594437e+02,-2.481067973307948121e-02
3.136291907757252488e+02,-2.208056455148767541e-02
3.144016764672911108e+02,-1.952249042021265979e-02
3.151741621588569160e+02,-1.710848042555704329e-02
3.159466478504227780e+02,-1.481120377816111215e-02
3.167191335419885831e+02,-1.260383375779718616e-02
3.174916192335543883e+02,-1.046000015430749268e-02
3.182641049251202503e+02,-8.351922006011387040e-03
3.190365906166860555e+02,-7.298896314065508005e-03
3.198090763082518606e+02,-6.952055135054271973e-03
3.205815619998177226e+02,-6.593707801632049670e-03
3.213540476913835278e+02,-6.224046896781856679e-03
3.221265333829493329e+02,-5.843271161012123481e-03
3.228990190745151949e+02,-5.451584373550127233e-03
3.236715047660810001e+02,-5.049194446444348408e-03
3.244439904576468621e+02,-4.636312761827980113e-03
3.252164761492126672e+02,-4.213128680844450275e-03
3.259889618407784724e+02,-3.779751076306632051e-03
3.267614475323443344e+02,-3.336559377121654443e-03
3.275339332239101395e+02,-2.883776159860317479e-03
3.283064189154759447e+02,-2.421628799342121895e-03
3.290789046070418067e+02,-1.950350726918279043e-03
3.298513902986076118e+02,-1.470183051978368564e-03
3.306238759901734170e+02,-9.813765523293811830e-04
3.313963616817392790e+02,-4.841940353594396257e-04
3.321688473733050841e+02,2.108693221128794771e-05
3.329413330648709461e+02,5.341709327794625468e-04
3.337138187564367513e+02,1.054741256478440798e-03
3.344863044480025565e+02,1.582456127841821427e-03
3.352587901395684185e+02,2.116944625111995965e-03
3.360312758311342236e+02,2.657802324461881749e-03
3.368037615227000288e+02,3.204586710086260778e-03
3.375762472142658908e+02,3.756812400884927249e-03
3.383487329058316959e+02,4.313946255326378890e-03
3.391212185973975011e+02,4.875402428006347412e-03
3.398937042889633631e+02,5.440537464298992112e-03
3.406661899805291682e+02,6.008645533159818336e-03
3.414386756720950302e+02,6.578953912293118884e-03
3.422111613636608354e+02,7.150618854153612501e-03
3.429836470552266405e+02,7.722721975106494781e-03
3.437561327467925025e+02,8.294267322871470144e-03
3.445286184383583077e+02,8.864179288362932299e-03
3.453011041299241128e+02,9.431271407851210889e-03
3.460735898214899748e+02,9.994296682810908244e-03
3.468460755130557800e+02,1.055194617004402528e-02
3.476185612046215851e+02,1.110282520197007974e-02
3.483910468961874471e+02,1.164546854897018265e-02
3.491635325877532523e+02,1.217834722072251054e-02
3.499360182793191143e+02,1.269987722261566379e-02
3.507085039708849195e+02,1.320843032649548533e-02
3.514809896624507246e+02,1.370234686437021669e-02
3.522534753540165866e+02,1.417995049416572069e-02
3.530259610455823918e+02,1.463956481931658234e-02
3.537984467371481969e+02,1.507953167069905204e-02
3.545709324287140589e+02,1.549823078267042499e-02
3.553434181202798641e+02,1.589410051797682591e-02
3.561159038118456692e+02,1.626565922281693333e-02
3.568883895034115312e+02,1.661152672764105304e-02
3.576608751949773364e+02,1.693044545577901058e-02
3.584333608865431984e+02,1.722130056511268423e-02
3.592058465781090035e+02,1.748313853172269935e-02
3.599783322696748087e+02,1.771518359197487430e-02
3.607508179612406707e+02,1.791685149297885318e-02
3.615233036528064758e+02,1.808776006145810383e-02
3.622957893443722810e+02,1.822773618687286920e-02
3.630682750359381430e+02,1.859689933041922677e-02
3.638407607275039481e+02,2.607663547912781113e-02
3.646132464190697533e+02,3.604801880063635000e-02
3.653857321106356153e+02,4.688295401527448752e-02
3.661582178022014205e+02,5.898293511909641351e-02
3.669307034937672825e+02,7.268850935878637398e-02
3.677031891853330876e+02,8.818351761399280397e-02
3.684756748768988928e+02,1.004854055905274185e-01
3.692481605684647548e+02,1.006591462141890880e-01
3.700206462600305599e+02,1.004101938848187547e-01
3.707931319515963651e+02,9.986518098514511610e-02
3.715656176431622271e+02,9.915745768936683191e-02
3.723381033347280322e+02,9.841523294603855831e-02
3.731105890262938374e+02,9.775280294914473478e-02
3.738830747178596994e+02,9.726701399808924953e-02
3.746555604094255045e+02,9.703608498790014525e-02
3.754280461009913665e+02,9.710184338449630304e-02
3.762005317925571717e+02,9.748550552357344856e-02
3.769730174841229768e+02,9.778433895473195858e-02
3.777455031756888388e+02,9.282704426177053325e-02
3.785179888672546440e+02,8.616572273755979117e-02
3.792904745588204491e+02,7.897371392145033364e-02
3.800629602503863111e+02,7.170171972920567904e-02
3.808354459419521163e+02,6.465194289185871579e-02
3.816079316335179215e+02,5.801322871983468493e-02
3.823804173250837835e+02,5.188325633393811587e-02
3.831529030166495886e+02,4.629404545331434334e-02
3.839253887082154506e+02,4.123496730025404122e-02
3.846978743997812558e+02,3.667055868653390505e-02
3.854703600913470609e+02,3.255293859511103338e-02
3.862428457829129229e+02,2.882974606896709924e-02
3.870153314744787281e+02,2.544879160395693493e-02
3.877878171660445332e+02,2.236536462043320350e-02
3.885603028576103952e+02,1.953149805690566898e-02
3.893327885491762004e+02,1.689918900463205018e-02
3.901052742407420055e+02,1.442948725715092334e-02
3.908777599323078675e+02,1.208638755775302137e-02
3.916502456238736727e+02,9.836013773886194064e-03
3.924227313154395347e+02,7.646209383017602175e-03
3.931952170070053398e+02,5.482091287489014933e-03
3.939677026985711450e+02,3.308173173237919859e-03
3.947401883901370070e+02,1.088634837799407756e-03
3.955126740817028121e+02,-1.105927505772697416e-03
3.962851597732686173e+02,-1.808622388001067871e-03
3.970576454648344793e+02,-1.918385595536081919e-03
3.978301311564002845e+02,-2.030856109027409217e-03
3.986026168479660896e+02,-2.145735560574812441e-03
3.993751025395319516e+02,-2.262697543930385687e-03
4.001475882310977568e+02,-2.381397283427056071e-03
4.009200739226636188e+02,-2.501444028814170471e-03
4.016925596142294239e+02,-2.622401411072949017e-03
4.024650453057952291e+02,-2.743788701585552717e-03
4.032375309973610911e+02,-2.865083047070179825e-03
4.040100166889268962e+02,-2.985722731252335709e-03
4.047825023804927014e+02,-3.105111488313487111e-03
4.055549880720585634e+02,-3.222623863310455656e-03
4.063274737636243685e+02,-3.337611581833858747e-03
4.070999594551901737e+02,-3.449410856271411824e-03
4.078724451467560357e+02,-3.557327570309605849e-03
4.086449308383218408e+02,-3.660628497977750587e-03
4.094174165298877028e+02,-3.758707123326439359e-03
4.101899022214535080e+02,-3.850925276963484533e-03
4.109623879130193131e+02,-3.936676314962839728e-03
4.117348736045851751e+02,-4.015394662637816400e-03
4.125073592961509803e+02,-4.086564895197718900e-03
4.132798449877167855e+02,-4.149730110444222256e-03
4.140523306792826475e+02,-4.204499362674485492e-03
4.148248163708484526e+02,-4.250491253128116029e-03
4.155973020624142578e+02,-4.287337175473047123e-03
4.163697877539801198e+02,-4.315064940203380828e-03
4.171422734455459249e+02,-4.333604274454083173e-03
4.179147591371117869e+02,-4.342967670079228744e-03
4.186872448286775921e+02,-4.343248864798557492e-03
4.194597305202433972e+02,-4.334619809366196952e-03
4.202322162118092592e+02,-4.317326231807452376e-03
4.210047019033750644e+02,-4.291681949524815860e-03
4.217771875949408695e+02,-4.258062113006373314e-03
4.225496732865067315e+02,-4.216786169941488978e-03
4.233221589780725367e+02,-4.168460497997426850e-03
4.240946446696383418e+02,-4.113603870442163191e-03
4.248671303612042038e+02,-4.052753549839454433e-03
4.256396160527700090e+02,-3.986464903672579801e-03
4.264121017443358710e+02,-3.915303034015178013e-03
4.271845874359016761e+02,-3.839834869164484178e-03
4.279570731274674813e+02,-3.760621862718319976e-03
4.287295588190333433e+02,-3.678213415267493191e-03
4.295020445105991485e+02,-3.593141102520010493e-03
4.302745302021649536e+02,-2.953686540915049369e-03
4.310470158937308156e+02,-1.591202809587708615e-03
4.318195015852966208e+02,-2.922091208945170877e-04
4.325919872768624259e+02,9.594461377338868793e-04
4.333644729684282879e+02,2.176809478674811629e-03
4.341369586599940931e+02,3.371627759735890822e-03
4.349094443515599551e+02,4.554669112715365592e-03
4.356819300431257602e+02,5.735990412815865531e-03
4.364544157346915654e+02,6.925163802571037211e-03
4.372269014262574274e+02,8.131674091277074634e-03
4.379993871178232325e+02,9.365902109200146056e-03
4.387718728093890377e+02,1.063645699237074881e-02
4.395443585009548997e+02,1.195269433380767056e-02
4.403168441925207048e+02,1.332425483165002207e-02
4.410893298840865100e+02,1.476116574535733285e-02
4.418618155756523720e+02,1.627392290237138217e-02
4.426343012672181771e+02,1.787354658124960458e-02
4.434067869587840391e+02,1.957339980183865624e-02
4.441792726503498443e+02,2.138532116778178033e-02
4.449517583419156495e+02,2.332031438887833055e-02
4.457242440334815115e+02,2.539079376034221111e-02
4.464967297250473166e+02,2.760893436659606071e-02
4.472692154166131218e+02,2.998610546597060139e-02
4.480417011081789838e+02,3.253204743111993980e-02
4.488141867997447889e+02,3.525372589216670127e-02
4.495866724913105941e+02,3.815379860000094048e-02
4.503591581828764561e+02,4.122864778792080520e-02
4.511316438744422612e+02,4.446597320508934720e-02
4.519041295660081232e+02,4.784201975031585063e-02
4.526766152575739284e+02,5.131863833310929685e-02
4.534491009491397335e+02,5.484055098912707371e-02
4.542215866407055955e+02,5.833055553672075733e-02
4.549940723322714007e+02,6.169111328928125054e-02
4.557665580238372058e+02,6.480945233666861316e-02
4.565390437154030678e+02,6.756142034586616607e-02
4.573115294069688730e+02,6.676159729617868466e-02
4.580840150985346781e+02,6.247832945320411224e-02
4.588565007901005401e+02,5.803887111471793536e-02
4.596289864816663453e+02,5.358282287031239377e-02
4.604014721732322073e+02,4.921477998659405662e-02
4.611739578647980125e+02,4.500421163829780580e-02
4.619464435563638176e+02,4.099391376728760139e-02
4.627189292479296796e+02,3.720535313356213708e-02
4.634914149394954848e+02,3.364390646723254552e-02
4.642639006310612899e+02,3.030342412264061189e-02
4.650363863226271519e+02,2.716989339828144653e-02
4.658088720141929571e+02,2.422419112415966427e-02
4.665813577057587622e+02,2.144402514960631889e-02
4.673538433973246242e+02,1.880520424730478674e-02
4.681263290888904294e+02,1.631528018779384442e-02
4.688988147804562914e+02,1.577814835068259633e-02
4.696713004720220965e+02,1.550655476659915447e-02
4.704437861635879017e+02,1.523398100372414313e-02
4.712162718551537637e+02,1.496091901807345553e-02
4.719887575467195688e+02,1.468782717106380600e-02
4.727612432382853740e+02,1.441513028574247651e-02
4.735337289298512360e+02,1.414321998154656999e-02
4.743062146214170411e+02,1.387245525041117672e-02
4.750787003129828463e+02,1.360316323825416784e-02
4.758511860045487083e+02,1.333564019758447933e-02
4.766236716961145135e+02,1.307015257908482504e-02
4.773961573876803755e+02,1.280693823239691456e-02
4.781686430792461806e+02,1.254620768888988283e-02
4.789411287708119858e+02,1.228814550182927116e-02
4.797136144623778478e+02,1.203291162201843706e-02
4.804861001539436529e+02,1.178064278959062815e-02
4.812585858455094581e+02,1.153145392514590487e-02
4.820310715370753201e+02,1.128543950581370470e-02
4.828035572286411252e+02,1.104267491405237951e-02
4.835760429202069304e+02,1.080321774905649776e-02
4.843485286117727924e+02,1.056710909251826550e-02
4.851210143033385975e+02,1.033437472217816136e-02
4.858934999949044595e+02,1.010502626810215292e-02
4.866659856864702647e+02,9.879062307944632554e-03
4.874384713780360698e+02,9.656469398602667356e-03
4.882109570696019318e+02,9.437223042650919047e-03
4.889834427611677370e+02,9.221288588777274559e-03
4.897559284527335421e+02,9.008622066128020578e-03
4.905284141442994041e+02,8.799170953034193485e-03
4.913008998358652093e+02,8.592874881034839180e-03
4.920733855274310145e+02,8.389666275454983960e-03
4.928458712189968765e+02,8.189470934044635816e-03
4.936183569105626816e+02,7.992208545351773066e-03
4.943908426021284868e+02,7.797793148596613225e-03
4.951633282936943488e+02,7.606133536846186594e-03
4.959358139852601539e+02,7.417133605263198301e-03
4.967082996768260159e+02,7.230692646130959002e-03
4.974807853683918211e+02,7.046721091288926653e-03
4.982532710599576262e+02,6.865097604551387810e-03
4.990257567515234882e+02,6.685702800554815112e-03
4.997982424430892934e+02,6.508419393551566866e-03
5.005707281346550985e+02,6.333126253842756397e-03
5.013432138262209605e+02,6.159698411190487818e-03
5.021156995177867657e+02,5.988007012067212732e-03
5.028881852093525708e+02,5.817919230695521235e-03
5.036606709009184328e+02,5.649298133484827004e-03
5.044331565924842380e+02,5.482002496096775347e-03
5.052056422840501000e+02,5.315886571966762716e-03
5.059781279756159051e+02,5.150799810672431270e-03
5.067506136671817103e+02,7.503759183974171437e-03
5.075230993587475723e+02,1.760698464750204764e-02
5.082955850503133775e+02,2.849253231310655207e-02
5.090680707418791826e+02,3.967172322369150878e-02
5.098405564334450446e+02,5.109537346530729218e-02
5.106130421250108498e+02,6.256869206189984156e-02
5.113855278165766549e+02,7.370426361335069565e-02
5.121580135081425169e+02,7.973424842072593388e-02
5.129304991997083789e+02,7.726609077062682185e-02
5.137029848912741272e+02,7.517531886558974363e-02
5.144754705828399892e+02,7.365283702172679969e-02
5.152479562744058512e+02,7.270791166558122909e-02
5.160204419659715995e+02,7.234729498440423123e-02
5.167929276575374615e+02,7.257865266873753107e-02
5.175654133491033235e+02,7.341228202748484311e-02
5.183378990406690718e+02,7.486122055192097335e-02
5.191103847322349338e+02,7.693961935261189877e-02
5.198828704238007958e+02,7.965900223197784624e-02
5.206553561153665441e+02,8.302178967869781878e-02
5.214278418069324061e+02,8.651354754877120523e-02
5.222003274984982681e+02,8.536751416328110242e-02
5.229728131900640165e+02,8.337570221367035517e-02
5.237452988816298785e+02,8.085420382116263738e-02
5.245177845731957404e+02,7.795675834997603526e-02
5.252902702647616024e+02,7.482955414520699178e-02
5.260627559563273508e+02,7.160329005905818889e-02
5.268352416478932128e+02,6.838690136168053268e-02
5.276077273394590748e+02,6.526556712221608103e-02
5.283802130310248231e+02,6.230181147481950177e-02
5.291526987225906851e+02,5.953843846210740698e-02
5.299251844141565471e+02,5.700225476047635076e-02
5.306976701057222954e+02,5.470785331165112231e-02
5.314701557972881574e+02,5.266103428017956251e-02
5.322426414888540194e+02,5.086167315592490801e-02
5.330151271804197677e+02,4.930599919685565297e-02
5.337876128719856297e+02,4.798833338460799236e-02
5.345600985635514917e+02,4.690237325557324727e-02
5.353325842551172400e+02,4.604212058832020393e-02
5.361050699466831020e+02,4.540254066396712945e-02
5.368775556382489640e+02,4.498002759798826189e-02
5.376500413298147123e+02,4.477273417593344296e-02
5.384225270213805743e+02,4.478080915602367096e-02
5.391950127129464363e+02,4.500657088237407233e-02
5.399674984045121846e+02,4.545810959007722668e-02
5.407399840960780466e+02,4.613919625779392547e-02
5.415124697876439086e+02,4.705879383276771050e-02
5.422849554792097706e+02,4.822850320177599764e-02
5.430574411707755189e+02,4.966200974277588942e-02
5.438299268623413809e+02,5.137468491401712273e-02
5.446024125539072429e+02,5.338288864180992105e-02
5.453748982454729912e+02,5.570283333275297816e-02
5.461473839370388532e+02,5.834882922643039316e-02
5.469198696286047152e+02,6.133069418207086343e-02
5.476923553201704635e+02,6.465009562804155396e-02
5.484648410117363255e+02,6.829661923582674987e-02
5.492373267033021875e+02,7.224357686295741765e-02
5.500098123948679358e+02,7.642463928306855725e-02
5.507822980864337978e+02,8.074378814089216982e-02
5.515547837779996598e+02,8.369286348351433202e-02
5.523272694695654081e+02,8.119618247956959800e-02
5.530997551611312701e+02,7.741870735787875768e-02
5.538722408526971321e+02,7.285707715633092663e-02
5.546447265442628805e+02,6.781747352412759167e-02
5.554172122358287425e+02,6.254929334652824247e-02
5.561896979273946044e+02,5.725513727342004117e-02
5.569621836189603528e+02,5.208674646154800442e-02
5.577346693105262148e+02,4.714695164659839233e-02
5.585071550020920768e+02,4.249687449055749439e-02
5.592796406936579388e+02,3.816514255463494820e-02
5.600521263852236871e+02,3.415786314893411862e-02
5.608246120767895491e+02,3.046221288371868396e-02
5.615970977683554111e+02,2.705961881145831777e-02
5.623695834599211594e+02,2.392506103710936166e-02
5.631420691514870214e+02,2.103061233822443865e-02
5.639145548430528834e+02,1.834847518904502567e-02
5.646870405346186317e+02,1.585172470075341469e-02
5.654595262261844937e+02,1.351491556428690947e-02
5.662320119177503557e+02,1.131433285232069305e-02
5.670044976093161040e+02,9.228018341739812822e-03
5.677769833008819660e+02,7.235662295463596641e-03
5.685494689924478280e+02,5.319673377709212454e-03
5.693219546840135763e+02,3.461482108965012894e-03
5.700944403755794383e+02,1.642409310801495707e-03
5.708669260671453003e+02,-1.534159395061789977e-04
5.716394117587110486e+02,-1.941346917105605261e-03
5.724118974502769106e+02,-3.736458199750189273e-03
5.731843831418427726e+02,-5.555620097634039571e-03
5.739568688334085209e+02,-7.414237898387807460e-03
5.747293545249743829e+02,-9.327646567201267058e-03
5.755018402165402449e+02,-1.131193743068310137e-02
5.762743259081061069e+02,-1.338390377150222577e-02
5.770468115996718552e+02,-1.556114952509292035e-02
5.778192972912377172e+02,-1.786725464458512047e-02
5.785917829828035792e+02,-2.031788218051846714e-02
5.793642686743693275e+02,-2.293178893631956511e-02
5.801367543659351895e+02,-2.572831276053905852e-02
5.809092400575010515e+02,-2.872590096700609885e-02
5.816817257490667998e+02,-3.180596855223984804e-02
5.824542114406326618e+02,-3.433021205976623941e-02
5.832266971321985238e+02,-3.692606000380709713e-02
5.839991828237642721e+02,-3.969478203461153376e-02
5.847716685153301341e+02,-4.263142308710670542e-02
5.855441542068959961e+02,-4.572258291766914673e-02
5.863166398984617445e+02,-4.894382363011093307e-02
5.870891255900276064e+02,-5.225697648649745009e-02
5.878616112815934684e+02,-5.560771472637941748e-02
5.886340969731592168e+02,-5.892394111585888550e-02
5.894065826647250788e+02,-6.211569805721556953e-02
5.901790683562909408e+02,-6.507737000058400056e-02
5.909515540478566891e+02,-6.768066427641629412e-02
5.917240397394225511e+02,-6.981044870739648578e-02
5.924965254309884131e+02,-7.136124397049077583e-02
5.932690111225542751e+02,-7.133456909373600552e-02
5.940414968141200234e+02,-6.957308010483335969e-02
5.948139825056858854e+02,-6.837297186153473705e-02
5.955864681972517474e+02,-6.771157263705744611e-02
5.963589538888174957e+02,-6.756935629400896703e-02
5.971314395803833577e+02,-6.793945310572128971e-02
5.979039252719492197e+02,-6.880048364335547562e-02
5.986764109635149680e+02,-7.013951269389524790e-02
5.994488966550808300e+02,-7.194339705869183532e-02
6.002213823466466920e+02,-7.419361564228990624e-02
6.009938680382124403e+02,-7.686121137916353263e-02
6.017663537297783023e+02,-7.880778373404227766e-02
6.025388394213441643e+02,-7.409727871686440370e-02
6.033113251129099126e+02,-6.784338668748399193e-02
6.040838108044757746e+02,-6.110480661953403281e-02
6.048562964960416366e+02,-5.420796513007308803e-02
6.056287821876073849e+02,-4.739730892009608870e-02
6.064012678791732469e+02,-4.082987788294467624e-02
6.071737535707391089e+02,-3.459524332084579212e-02
6.079462392623048572e+02,-2.873144052360704706e-02
6.087187249538707192e+02,-2.324058688042024770e-02
6.094912106454365812e+02,-1.810191003062470300e-02
6.102636963370023295e+02,-1.328156713895444624e-02
6.110361820285681915e+02,-8.739523309212239924e-03
6.118086677201340535e+02,-4.434101659457634521e-03
6.125811534116999155e+02,-3.248581908997039483e-04
6.133536391032656638e+02,3.623008112856292064e-03
6.141261247948315258e+02,7.445770477597597747e-03
6.148986104863973878e+02,1.117301613288146193e-02
6.156710961779631361e+02,1.482757028872705961e-02
6.164435818695289981e+02,1.842617716282888771e-02
6.172160675610948601e+02,2.197895535277240298e-02
6.179885532526606085e+02,2.534447754454952073e-02
6.187610389442264704e+02,2.396709437786289851e-02
6.195335246357923324e+02,2.041241053216722584e-02
6.203060103273580808e+02,1.696032824775735998e-02
6.210784960189239428e+02,1.358962040282893011e-02
6.218509817104898048e+02,1.027518706125706699e-02
6.226234674020555531e+02,6.988730443940357855e-03
6.233959530936214151e+02,3.698377232458840026e-03
6.241684387851872771e+02,3.668109220094403333e-04
6.249409244767530254e+02,-3.043167182960116075e-03
6.257134101683188874e+02,-6.572100252753217652e-03
6.264858958598847494e+02,-1.026418470114498667e-02
6.272583815514504977e+02,-1.416758600661310701e-02
6.280308672430163597e+02,-1.833449948724605663e-02
6.288033529345822217e+02,-2.282066412009537554e-02
6.295758386261480837e+02,-2.768852183503301909e-02
6.303483243177138320e+02,-3.299140210210877583e-02
6.311208100092796940e+02,-3.877454880758913341e-02
6.318932957008455560e+02,-4.506948336335342420e-02
6.326657813924113043e+02,-5.187703377094109169e-02
6.334382670839771663e+02,-5.914751578678836830e-02
6.342107527755430283e+02,-6.675844811793271716e-02
6.349832384671087766e+02,-7.446747549175654346e-02
6.357557241586746386e+02,-8.191662316871765881e-02
6.365282098502405006e+02,-8.863324143438110203e-02
6.373006955418062489e+02,-9.407563180044542506e-02
6.380731812333721109e+02,-9.772324570267273969e-02
6.388456669249379729e+02,-9.816985463412115920e-02
6.396181526165037212e+02,-9.034063075540779697e-02
6.403906383080695832e+02,-8.368400094631062158e-02
6.411631239996354452e+02,-7.839432233505971848e-02
6.419356096912011935e+02,-7.435550468168793115e-02
6.427080953827670555e+02,-7.145943511213694033e-02
6.434805810743329175e+02,-6.962163313236952034e-02
6.442530667658986658e+02,-6.878851958599156713e-02
6.450255524574645278e+02,-6.894088211617079021e-02
6.457980381490303898e+02,-7.009611724520456444e-02
6.465705238405962518e+02,-7.231044959420573903e-02
6.473430095321620001e+02,-7.568122792828173295e-02
6.481154952237278621e+02,-8.034812913709492299e-02
6.488879809152937241e+02,-8.649010934598373723e-02
6.496604666068594724e+02,-9.431155483610663415e-02
6.504329522984253344e+02,-1.040057670982597188e-01
6.512054379899911964e+02,-1.124583044162620615e-01
6.519779236815569448e+02,-1.085583211616805849e-01
6.527504093731228068e+02,-1.006671375909133914e-01
6.535228950646886688e+02,-9.011846575102955281e-02
6.542953807562544171e+02,-7.820783266555945967e-02
6.550678664478202791e+02,-6.590905172266522949e-02
6.558403521393861411e+02,-5.390532464454315942e-02
6.566128378309518894e+02,-4.261977121472192154e-02
6.573853235225177514e+02,-3.217526101348429368e-02
6.581578092140836134e+02,-2.257121355161450030e-02
6.589302949056493617e+02,-1.372948779104238640e-02
6.597027805972152237e+02,-5.537982228753983091e-03
6.604752662887810857e+02,2.121891824546985258e-03
6.612477519803468340e+02,9.358963743414638534e-03
6.620202376719126960e+02,1.608874311208980182e-02
6.627927233634785580e+02,1.590035136000186866e-02
6.635652090550444200e+02,1.475564205994495982e-02
6.643376947466101683e+02,1.367095419067314473e-02
6.651101804381760303e+02,1.264162928018079668e-02
6.658826661297418923e+02,1.166317674181851713e-02
6.666551518213076406e+02,1.073130305661656146e-02
6.674276375128735026e+02,9.841927135456313147e-03
6.682001232044393646e+02,8.991185408699366513e-03
6.689726088960051129e+02,8.175429442879649303e-03
6.697450945875709749e+02,7.391218258022283841e-03
6.705175802791368369e+02,6.635307006025960123e-03
6.712900659707025852e+02,5.905282364455450607e-03
6.720625516622684472e+02,5.197575570623973705e-03
6.728350373538343092e+02,4.509297210179290423e-03
6.736075230454000575e+02,3.837830720907095278e-03
6.743800087369659195e+02,3.180679223546400633e-03
6.751524944285317815e+02,2.535448834087188248e-03
6.759249801200975298e+02,1.899832313804419468e-03
6.766974658116633918e+02,1.271737651296212922e-03
6.774699515032292538e+02,6.487444117172918049e-04
6.782424371947950021e+02,2.859240869955753439e-05
6.790149228863608641e+02,-5.908371687250369613e-04
6.797874085779267261e+02,-1.211653686928285123e-03
6.805598942694925881e+02,-1.835971863736698744e-03
6.813323799610583364e+02,-2.465999536293240254e-03
6.821048656526241984e+02,-3.104246780525680288e-03
6.828773513441900604e+02,-3.752729606532835029e-03
6.836498370357558088e+02,-4.413730885724762021e-03
6.844223227273216708e+02,-5.089612879030285496e-03
6.851948084188875328e+02,-5.782832187923045951e-03
6.859672941104532811e+02,-6.495954705896466244e-03
6.867397798020191431e+02,-7.231772922954696203e-03
6.875122654935850051e+02,-7.993886741886184824e-03
6.882847511851507534e+02,-8.784542358333641623e-03
6.890572368767166154e+02,-9.606866662143949409e-03
6.898297225682824774e+02,-1.046415639892692498e-02
6.906022082598482257e+02,-1.135988431774721287e-02
6.913746939514140877e+02,-1.229770079967295454e-02
6.921471796429799497e+02,-1.328142921793884837e-02
6.929196653345456980e+02,-1.431505278609604415e-02
6.936921510261115600e+02,-1.540269006117991717e-02
6.944646367176774220e+02,-1.654855558356764858e-02
6.952371224092431703e+02,-1.775690136360305246e-02
6.960096081008090323e+02,-1.903193409451557280e-02
6.967820937923748943e+02,-2.037770213532325708e-02
6.975545794839407563e+02,-2.179794555775428633e-02
6.983270651755065046e+02,-2.329590203037718021e-02
6.990995508670723666e+02,-2.487406122940807526e-02
6.998720365586382286e+02,-2.653386110560785119e-02
7.006445222502039769e+02,-2.827532107148053239e-02
7.014170079417698389e+02,-3.009661045073471625e-02
7.021894936333357009e+02,-3.199355584577859291e-02
7.029619793249014492e+02,-3.395909889715884727e-02
7.037344650164673112e+02,-3.598376895683328552e-02
7.045069507080331732e+02,-3.805156176443164062e-02
7.052794363995989215e+02,-4.014208435292093008e-02
7.060519220911647835e+02,-4.223071015812267237e-02
7.068244077827306455e+02,-4.428774154415765496e-02
7.075968934742963938e+02,-4.627460351956367429e-02
7.083693791658622558e+02,-4.815195945799698174e-02
7.091418648574281178e+02,-4.987828920412467476e-02
7.099143505489938661e+02,-4.994086832251991986e-02
7.106868362405597281e+02,-4.848038300515334492e-02
7.114593219321255901e+02,-4.683962898608487468e-02
7.122318076236913384e+02,-4.505875859378831449e-02
7.130042933152572004e+02,-4.317570681562517276e-02
7.137767790068230624e+02,-4.122431456329149480e-02
7.145492646983889244e+02,-3.924085718942194739e-02
7.153217503899546728e+02,-3.725261570824194707e-02
7.160942360815205348e+02,-3.528244210012617538e-02
7.168667217730863968e+02,-3.334939405613046581e-02
7.176392074646521451e+02,-3.146895195425172126e-02
7.184116931562180071e+02,-2.965032839983373567e-02
7.191841788477838691e+02,-2.790060013064233832e-02
7.199566645393496174e+02,-2.622417164311251561e-02
7.207291502309154794e+02,-2.462324862542254050e-02
7.215016359224813414e+02,-2.309827497878698052e-02
7.222741216140470897e+02,-2.164832141833003196e-02
7.230466073056129517e+02,-2.027142060129023121e-02
7.238190929971788137e+02,-1.896484865015677160e-02
7.245915786887445620e+02,-1.772535614210275431e-02
7.253640643803104240e+02,-1.654935349313866114e-02
7.261365500718762860e+02,-1.543305653035619701e-02
7.269090357634420343e+02,-1.437259822498382529e-02
7.276815214550078963e+02,-1.336411229861479005e-02
7.284540071465737583e+02,-1.240379390046195997e-02
7.292264928381395066e+02,-1.148794191732138530e-02
7.299989785297053686e+02,-1.061298680929303323e-02
7.307714642212712306e+02,-9.775507219218573102e-03
7.315439499128370926e+02,-8.972238014137559614e-03
7.323164356044028409e+02,-8.200071897996969936e-03
7.330889212959687029e+02,-7.456056290542308063e-03
7.338614069875345649e+02,-6.737386795238288137e-03
7.346338926791003132e+02,-6.041398272898857932e-03
7.354063783706661752e+02,-5.365889499771628150e-03
7.361788640622320372e+02,-4.708299457802901482e-03
7.369513497537977855e+02,-4.065959666909052354e-03
7.377238354453636475e+02,-3.436642472338688730e-03
7.384963211369295095e+02,-2.818200370092111343e-03
7.392688068284952578e+02,-2.208552872041585988e-03
7.400412925200611198e+02,-1.605673446357074952e-03
7.408137782116269818e+02,-1.007628078538980870e-03
7.415862639031927301e+02,-4.123376872170290844e-04
7.423587495947585921e+02,1.822598639629575902e-04
7.431312352863244541e+02,7.781059828790383220e-04
7.439037209778902024e+02,1.377153004492008862e-03
7.446762066694560644e+02,1.981377299525640713e-03
7.454486923610219264e+02,2.592792570519246442e-03
7.462211780525876748e+02,3.213828683190829167e-03
7.469936637441535368e+02,2.772967117107255196e-03
7.477661494357193988e+02,1.436531062142251637e-03
7.485386351272852608e+02,8.033618243146488423e-05
7.493111208188510091e+02,-1.301521618564397765e-03
7.500836065104168711e+02,-2.715345191063096419e-03
7.508560922019827331e+02,-4.167852503275578865e-03
7.516285778935484814e+02,-5.666190015094986661e-03
7.524010635851143434e+02,-7.219048377084054564e-03
7.531735492766802054e+02,-8.833956068854299445e-03
7.539460349682459537e+02,-1.051881797577233074e-02
7.547185206598118157e+02,-1.228227234244418965e-02
7.554910063513776777e+02,-1.413316678738826306e-02
7.562634920429434260e+02,-1.608039017050689329e-02
7.570359777345092880e+02,-1.813262255571452056e-02
7.578084634260751500e+02,-2.029797849643460300e-02
7.585809491176408983e+02,-2.258351530721173020e-02
7.593534348092067603e+02,-2.499457606379574745e-02
7.601259205007726223e+02,-2.753393851697903336e-02
7.608984061923383706e+02,-3.020074837268529877e-02
7.616708918839042326e+02,-3.298923168319781163e-02
7.624433775754700946e+02,-3.588721008145186186e-02
7.632158632670358429e+02,-3.887526053400672948e-02
7.639883489586017049e+02,-4.192214560616040753e-02
7.647608346501675669e+02,-4.498460479490759556e-02
7.655333203417334289e+02,-4.800852365768627783e-02
7.663058060332991772e+02,-5.092793345794400378e-02
7.670782917248650392e+02,-5.366653525333828917e-02
7.678507774164309012e+02,-5.613788417182606627e-02
7.686232631079966495e+02,-5.824488391930526809e-02
7.693957487995625115e+02,-5.991591971877783390e-02
7.701682344911283735e+02,-6.108400256388692162e-02
7.709407201826941218e+02,-6.170233548949700941e-02
7.717132058742599838e+02,-6.174994654682192802e-02
